batch_id,hypothesis,ticker,start,end,fast_window,slow_window,stop,stop_pct,atr_period,atr_multiplier,risk_pct,brokerage,slippage_bps,total_return,annualized_return,max_drawdown,sharpe,sortino,num_trades,win_rate,avg_payoff,expectancy,avg_holding_days,benchmark_total_return,benchmark_annualized_return,benchmark_max_drawdown,benchmark_sharpe,benchmark_sortino
2026-08-11T08:42:17,regime: ATR vs pct fora de bull market,PETR4.SA,2022-01-01,2023-01-01,9,21,pct,0.05,,,0.01,0.0,5.0,0.03667815928383056,0.03712816929833873,0.04805541936980473,0.6262519430176704,0.41732577700268025,6,0.3333333333333333,3.949852026288814,61.130265473051196,27.833333333333332,0.3489792521041153,0.35385327117248866,0.39101723062056776,0.9427305347917578,0.9078826948316784
2026-08-11T08:42:17,regime: ATR vs pct fora de bull market,VALE3.SA,2022-01-01,2023-01-01,9,21,pct,0.05,,,0.01,0.0,5.0,-0.0401154110170483,-0.04058878591107695,0.04850545503422964,-0.9799641662234244,-0.5332622278413383,6,0.16666666666666666,1.102278575152924,-66.85901836174735,16.666666666666668,0.24840043367772102,0.25174193339290096,0.34542998728310753,0.7694879578219701,0.838750673401487
2026-08-11T08:42:17,regime: ATR vs pct fora de bull market,ITUB4.SA,2022-01-01,2023-01-01,9,21,pct,0.05,,,0.01,0.0,5.0,0.014925271158278575,0.015106445194267515,0.031224793651812258,0.4412011076161575,0.29221974652452953,4,0.5,1.9372922977120395,37.31317789569629,37.75,0.2083057347691124,0.21106351076990482,0.23752768171134742,0.8532382499868426,0.9086802158888819
2026-08-11T08:42:17,regime: ATR vs pct fora de bull market,BBDC4.SA,2022-01-01,2023-01-01,9,21,pct,0.05,,,0.01,0.0,5.0,0.011448470207647166,0.011587199663889658,0.02063808662247441,0.45142870982027705,0.3022044632372655,4,0.5,2.224434552490373,32.502669062115054,29.25,-0.1345271672117606,-0.1360323977526957,0.3576025618903785,-0.2868934822779003,-0.2488943443001356
2026-08-11T08:42:17,regime: ATR vs pct fora de bull market,WEGE3.SA,2022-01-01,2023-01-01,9,21,pct,0.05,,,0.01,0.0,5.0,-0.017861660368586496,-0.01807490447518978,0.028949315352364714,-0.7027290665555608,-0.32372591836513526,4,0.25,0.5275598006828691,-46.390021694474584,14.5,0.22349507904404287,0.22647210623211467,0.35380619361985616,0.7325910156546748,0.818089267955203
2026-08-11T08:42:17,regime: ATR vs pct fora de bull market,ABEV3.SA,2022-01-01,2023-01-01,9,21,pct,0.05,,,0.01,0.0,5.0,-0.01801400702882472,-0.01822905301692701,0.03991545970768948,-0.5184734880391518,-0.365102263161212,9,0.3333333333333333,1.2886532674028495,-20.015563365361086,16.11111111111111,-0.002928715712843588,-0.0029639491003347063,0.15374138885161298,0.11154274925664708,0.1146147494990566
2026-08-11T08:42:17,regime: ATR vs pct fora de bull market,B3SA3.SA,2022-01-01,2023-01-01,9,21,pct,0.05,,,0.01,0.0,5.0,-0.04640590360600294,-0.04695167623435392,0.06511667413777845,-1.2641061853408022,-0.6659395536586427,7,0.14285714285714285,1.4593679976519547,-66.29414800857565,9.142857142857142,0.2724039337284929,0.27610245828694224,0.3712201728717623,0.7710063611492441,0.8225091425321833
2026-08-11T08:42:17,regime: ATR vs pct fora de bull market,RENT3.SA,2022-01-01,2023-01-01,9,21,pct,0.05,,,0.01,0.0,5.0,-0.010607798780868372,-0.010734915145349855,0.0342743165481089,-0.21019115211525893,-0.1341914990337417,5,0.2,2.960710201566243,-21.21559756173704,27.4,0.07188198695475423,0.07277881647806161,0.3275374445393487,0.3736914226274426,0.39197407529659384
2026-08-11T08:42:17,regime: ATR vs pct fora de bull market,SUZB3.SA,2022-01-01,2023-01-01,9,21,pct,0.05,,,0.01,0.0,5.0,-0.017297655223503683,-0.017504226047039606,0.045814946467247486,-0.4842795751061992,-0.27110758863329565,7,0.2857142857142857,1.521458732088017,-24.710936033576917,16.0,-0.14067920757319008,-0.14224746376867003,0.32998838283676796,-0.3130767151068261,-0.3208644638285788
2026-08-11T08:42:17,regime: ATR vs pct fora de bull market,RADL3.SA,2022-01-01,2023-01-01,9,21,pct,0.05,,,0.01,0.0,5.0,-0.01637918686468076,-0.016574881968018707,0.03640988907954569,-0.36860317936812526,-0.2588934634168714,6,0.3333333333333333,1.2504018602299845,-25.56160184468275,24.666666666666668,0.031635101082283956,0.03202228572368848,0.24495656170851154,0.2573609563081857,0.2619665377006551
2026-08-11T08:42:18,regime: ATR vs pct fora de bull market,PETR4.SA,2022-01-01,2023-01-01,9,21,atr,,14,2.0,0.01,0.0,5.0,0.010722337345228983,0.010852220596410556,0.0407621422153976,0.2775039698407924,0.18614766545559308,6,0.3333333333333333,2.590295327154747,17.870562242048667,29.0,0.3489792521041153,0.35385327117248866,0.39101723062056776,0.9427305347917578,0.9078826948316784
2026-08-11T08:42:18,regime: ATR vs pct fora de bull market,VALE3.SA,2022-01-01,2023-01-01,9,21,atr,,14,2.0,0.01,0.0,5.0,-0.02458084576723618,-0.02487328662528354,0.04854278152428786,-0.7244147919410924,-0.4492142314931946,5,0.2,0.7981480539676518,-67.0677958450993,19.2,0.24840043367772102,0.25174193339290096,0.34542998728310753,0.7694879578219701,0.838750673401487
2026-08-11T08:42:18,regime: ATR vs pct fora de bull market,ITUB4.SA,2022-01-01,2023-01-01,9,21,atr,,14,2.0,0.01,0.0,5.0,0.015926826099524005,0.016120254028715086,0.038581014831932575,0.4090613296062582,0.27093686177957454,4,0.5,2.047191117541771,39.81706524881045,37.75,0.2083057347691124,0.21106351076990482,0.23752768171134742,0.8532382499868426,0.9086802158888819
2026-08-11T08:42:18,regime: ATR vs pct fora de bull market,BBDC4.SA,2022-01-01,2023-01-01,9,21,atr,,14,2.0,0.01,0.0,5.0,0.012087476809726105,0.012233996303393946,0.01939582497231045,0.4609791481621223,0.31370703646252046,4,0.5,2.253462807144011,33.23056133090353,29.25,-0.1345271672117606,-0.1360323977526957,0.3576025618903785,-0.2868934822779003,-0.2488943443001356
2026-08-11T08:42:18,regime: ATR vs pct fora de bull market,WEGE3.SA,2022-01-01,2023-01-01,9,21,atr,,14,2.0,0.01,0.0,5.0,0.029659342410380818,0.030021995363757048,0.01912338407739723,0.8696787611117174,0.656899560832032,4,0.5,3.5416695525062014,72.81545525382063,33.0,0.22349507904404287,0.22647210623211467,0.35380619361985616,0.7325910156546748,0.818089267955203
2026-08-11T08:42:18,regime: ATR vs pct fora de bull market,ABEV3.SA,2022-01-01,2023-01-01,9,21,atr,,14,2.0,0.01,0.0,5.0,-0.018344780374434766,-0.018563737595284957,0.040696162068586984,-0.5264385398760278,-0.3633203009565078,9,0.3333333333333333,1.268418585056795,-20.38308930492793,16.0,-0.002928715712843588,-0.0029639491003347063,0.15374138885161298,0.11154274925664708,0.1146147494990566
2026-08-11T08:42:18,regime: ATR vs pct fora de bull market,B3SA3.SA,2022-01-01,2023-01-01,9,21,atr,,14,2.0,0.01,0.0,5.0,-0.008896716292146944,-0.009003421663540845,0.025992433838167486,-0.245715348840808,-0.1660932870072197,6,0.3333333333333333,1.4907827370009414,-11.574527732812385,18.5,0.2724039337284929,0.27610245828694224,0.3712201728717623,0.7710063611492441,0.8225091425321833
2026-08-11T08:42:18,regime: ATR vs pct fora de bull market,RENT3.SA,2022-01-01,2023-01-01,9,21,atr,,14,2.0,0.01,0.0,5.0,-0.01618913388779819,-0.016382577239739238,0.02883668723027485,-0.4683092137534659,-0.30633115846013975,5,0.2,2.262612960812816,-32.378267775595496,30.0,0.07188198695475423,0.07277881647806161,0.3275374445393487,0.3736914226274426,0.39197407529659384
2026-08-11T08:42:18,regime: ATR vs pct fora de bull market,SUZB3.SA,2022-01-01,2023-01-01,9,21,atr,,14,2.0,0.01,0.0,5.0,-0.010456332701702209,-0.010581643727027967,0.042793713575615594,-0.3185345512868961,-0.19233510427917624,7,0.2857142857142857,1.742992063887367,-14.937618145288942,18.142857142857142,-0.14067920757319008,-0.14224746376867003,0.32998838283676796,-0.3130767151068261,-0.3208644638285788
2026-08-11T08:42:18,regime: ATR vs pct fora de bull market,RADL3.SA,2022-01-01,2023-01-01,9,21,atr,,14,2.0,0.01,0.0,5.0,-0.014097742556734572,-0.014266377519462914,0.03450536006592697,-0.34181796535855097,-0.27428483520551006,6,0.3333333333333333,1.2314592976298924,-22.212336298629722,32.666666666666664,0.031635101082283956,0.03202228572368848,0.24495656170851154,0.2573609563081857,0.2619665377006551
batch_id,hypothesis,ticker,start,end,strategy,fast_window,slow_window,boll_window,boll_k,stop,stop_pct,atr_period,atr_multiplier,no_stop_distance,risk_pct,brokerage,slippage_bps,total_return,annualized_return,max_drawdown,sharpe,sortino,num_trades,win_rate,avg_payoff,expectancy,avg_holding_days,benchmark_total_return,benchmark_annualized_return,benchmark_max_drawdown,benchmark_sharpe,benchmark_sortino
2026-08-11T09:24:22,"Bollinger 20/2.0 reversao a media conservadora (saida na media), sem stop, bate B&H em quantos?",PETR4.SA,2018-01-01,2024-01-01,bollinger,,,20,2.0,none,,,,0.5,0.01,0.0,5.0,0.000970208000433681,0.00016446432258443444,0.011570769316084483,0.037267555682204086,0.015421017776502758,25,0.76,0.33238260263925523,0.388083200173329,17.32,5.186758490467809,0.36212987286962783,0.6334389670108534,0.905011349071404,0.8592563822110768
batch_id,hypothesis,ticker,start,end,strategy,fast_window,slow_window,boll_window,boll_k,stop,stop_pct,atr_period,atr_multiplier,no_stop_distance,risk_pct,brokerage,slippage_bps,total_return,annualized_return,max_drawdown,sharpe,sortino,num_trades,win_rate,avg_payoff,expectancy,avg_holding_days,benchmark_total_return,benchmark_annualized_return,benchmark_max_drawdown,benchmark_sharpe,benchmark_sortino
2026-08-11T09:24:22,"Bollinger 20/2.0 reversao a media conservadora (saida na media), sem stop, bate B&H em quantos?",VALE3.SA,2018-01-01,2024-01-01,bollinger,,,20,2.0,none,,,,0.5,0.01,0.0,5.0,0.00302482545004068,0.0005123152311909962,0.009171750974941861,0.1188346138579599,0.06375048913076158,22,0.6363636363636364,0.7352644436117184,1.3749206591093452,23.318181818181817,1.877218561940916,0.1962828838924311,0.43665797332635775,0.6556584319824398,0.6740196538806086
batch_id,hypothesis,ticker,start,end,strategy,fast_window,slow_window,boll_window,boll_k,stop,stop_pct,atr_period,atr_multiplier,no_stop_distance,risk_pct,brokerage,slippage_bps,total_return,annualized_return,max_drawdown,sharpe,sortino,num_trades,win_rate,avg_payoff,expectancy,avg_holding_days,benchmark_total_return,benchmark_annualized_return,benchmark_max_drawdown,benchmark_sharpe,benchmark_sortino
2026-08-11T09:24:22,"Bollinger 20/2.0 reversao a media conservadora (saida na media), sem stop, bate B&H em quantos?",ITUB4.SA,2018-01-01,2024-01-01,bollinger,,,20,2.0,none,,,,0.5,0.01,0.0,5.0,-0.005844895350795576,-0.000993607651847972,0.009339272041497763,-0.30277646465862595,-0.15331775924173696,23,0.5652173913043478,0.3996531515955461,-2.5412588481722094,23.91304347826087,0.5745389730528547,0.08002503534139116,0.4431907175431244,0.4005027573395151,0.401954891462391
batch_id,hypothesis,ticker,start,end,strategy,fast_window,slow_window,boll_window,boll_k,stop,stop_pct,atr_period,atr_multiplier,no_stop_distance,risk_pct,brokerage,slippage_bps,total_return,annualized_return,max_drawdown,sharpe,sortino,num_trades,win_rate,avg_payoff,expectancy,avg_holding_days,benchmark_total_return,benchmark_annualized_return,benchmark_max_drawdown,benchmark_sharpe,benchmark_sortino
2026-08-11T09:24:22,"Bollinger 20/2.0 reversao a media conservadora (saida na media), sem stop, bate B&H em quantos?",BBDC4.SA,2018-01-01,2024-01-01,bollinger,,,20,2.0,none,,,,0.5,0.01,0.0,5.0,-0.013057873932842634,-0.0022264928630620906,0.01690966484530963,-0.5637810717261469,-0.27805878710398624,21,0.47619047619047616,0.44757539532208024,-6.218035206115784,27.666666666666668,0.15217554204382888,0.024312573072631682,0.5273594215589207,0.2487247253497405,0.2488327937037905
batch_id,hypothesis,ticker,start,end,strategy,fast_window,slow_window,boll_window,boll_k,stop,stop_pct,atr_period,atr_multiplier,no_stop_distance,risk_pct,brokerage,slippage_bps,total_return,annualized_return,max_drawdown,sharpe,sortino,num_trades,win_rate,avg_payoff,expectancy,avg_holding_days,benchmark_total_return,benchmark_annualized_return,benchmark_max_drawdown,benchmark_sharpe,benchmark_sortino
2026-08-11T09:24:22,"Bollinger 20/2.0 reversao a media conservadora (saida na media), sem stop, bate B&H em quantos?",WEGE3.SA,2018-01-01,2024-01-01,bollinger,,,20,2.0,none,,,,0.5,0.01,0.0,5.0,0.007509594772107997,0.0012695451717932293,0.006820710498008428,0.38058391193663854,0.1686195804325604,27,0.7407407407407407,0.657206935528673,2.7813313970770093,17.0,3.180570084123187,0.2745322818542315,0.49505701511737155,0.8468095885640873,0.8793641516914164
batch_id,hypothesis,ticker,start,end,strategy,fast_window,slow_window,boll_window,boll_k,stop,stop_pct,atr_period,atr_multiplier,no_stop_distance,risk_pct,brokerage,slippage_bps,total_return,annualized_return,max_drawdown,sharpe,sortino,num_trades,win_rate,avg_payoff,expectancy,avg_holding_days,benchmark_total_return,benchmark_annualized_return,benchmark_max_drawdown,benchmark_sharpe,benchmark_sortino
2026-08-11T09:24:22,"Bollinger 20/2.0 reversao a media conservadora (saida na media), sem stop, bate B&H em quantos?",ABEV3.SA,2018-01-01,2024-01-01,bollinger,,,20,2.0,none,,,,0.5,0.01,0.0,5.0,-0.004476373302697678,-0.0007605305758092706,0.012545022879897219,-0.24502655941627263,-0.13098119754057705,25,0.64,0.4036361959507214,-1.7905493210792809,24.84,-0.20343786845870937,-0.03783721411878793,0.5193114528170232,0.018256682992736587,0.018440594843418933
batch_id,hypothesis,ticker,start,end,strategy,fast_window,slow_window,boll_window,boll_k,stop,stop_pct,atr_period,atr_multiplier,no_stop_distance,risk_pct,brokerage,slippage_bps,total_return,annualized_return,max_drawdown,sharpe,sortino,num_trades,win_rate,avg_payoff,expectancy,avg_holding_days,benchmark_total_return,benchmark_annualized_return,benchmark_max_drawdown,benchmark_sharpe,benchmark_sortino
2026-08-11T09:24:22,"Bollinger 20/2.0 reversao a media conservadora (saida na media), sem stop, bate B&H em quantos?",B3SA3.SA,2018-01-01,2024-01-01,bollinger,,,20,2.0,none,,,,0.5,0.01,0.0,5.0,0.006108833051858609,0.0010333349652702495,0.006795843333444193,0.24364965185710666,0.11597024270632927,25,0.68,0.812187942515016,2.443533220743349,18.24,1.3589345473567955,0.15666127095734272,0.5080758884839403,0.5599165871719286,0.5759033345812775
batch_id,hypothesis,ticker,start,end,strategy,fast_window,slow_window,boll_window,boll_k,stop,stop_pct,atr_period,atr_multiplier,no_stop_distance,risk_pct,brokerage,slippage_bps,total_return,annualized_return,max_drawdown,sharpe,sortino,num_trades,win_rate,avg_payoff,expectancy,avg_holding_days,benchmark_total_return,benchmark_annualized_return,benchmark_max_drawdown,benchmark_sharpe,benchmark_sortino
2026-08-11T09:24:22,"Bollinger 20/2.0 reversao a media conservadora (saida na media), sem stop, bate B&H em quantos?",RENT3.SA,2018-01-01,2024-01-01,bollinger,,,20,2.0,none,,,,0.5,0.01,0.0,5.0,-0.003180911837842193,-0.0005401416795234315,0.010403290324178227,-0.14639230132025458,-0.06786101092696249,25,0.64,0.444793236232667,-1.2723647351368497,19.24,2.2054470934462658,0.21840028977721615,0.5788070739334417,0.6633285664369111,0.7007424143811206
batch_id,hypothesis,ticker,start,end,strategy,fast_window,slow_window,boll_window,boll_k,stop,stop_pct,atr_period,atr_multiplier,no_stop_distance,risk_pct,brokerage,slippage_bps,total_return,annualized_return,max_drawdown,sharpe,sortino,num_trades,win_rate,avg_payoff,expectancy,avg_holding_days,benchmark_total_return,benchmark_annualized_return,benchmark_max_drawdown,benchmark_sharpe,benchmark_sortino
2026-08-11T09:24:22,"Bollinger 20/2.0 reversao a media conservadora (saida na media), sem stop, bate B&H em quantos?",SUZB3.SA,2018-01-01,2024-01-01,bollinger,,,20,2.0,none,,,,0.5,0.01,0.0,5.0,0.007044549201244754,0.0011911548750211942,0.005471196985938347,0.32574098610276253,0.1863733059362629,25,0.64,1.0121593083522615,2.817819680497843,22.36,2.2628523917547074,0.22207335623773483,0.5425051006174156,0.6954334820267571,0.7500215097524897
batch_id,hypothesis,ticker,start,end,strategy,fast_window,slow_window,boll_window,boll_k,stop,stop_pct,atr_period,atr_multiplier,no_stop_distance,risk_pct,brokerage,slippage_bps,total_return,annualized_return,max_drawdown,sharpe,sortino,num_trades,win_rate,avg_payoff,expectancy,avg_holding_days,benchmark_total_return,benchmark_annualized_return,benchmark_max_drawdown,benchmark_sharpe,benchmark_sortino
2026-08-11T09:24:22,"Bollinger 20/2.0 reversao a media conservadora (saida na media), sem stop, bate B&H em quantos?",RADL3.SA,2018-01-01,2024-01-01,bollinger,,,20,2.0,none,,,,0.5,0.01,0.0,5.0,0.0074126618796419574,0.0012532081808147577,0.004973081910368878,0.42989191317312864,0.21022300253468681,21,0.7142857142857143,0.846635817537981,3.5298389903055813,18.857142857142858,0.7846443265673646,0.10321162771110992,0.3737816855688932,0.46764487134613913,0.4781434140386606
batch_id,hypothesis,ticker,start,end,strategy,fast_window,slow_window,boll_window,boll_k,stop,stop_pct,atr_period,atr_multiplier,no_stop_distance,risk_pct,brokerage,slippage_bps,total_return,annualized_return,max_drawdown,sharpe,sortino,num_trades,win_rate,avg_payoff,expectancy,avg_holding_days,benchmark_total_return,benchmark_annualized_return,benchmark_max_drawdown,benchmark_sharpe,benchmark_sortino
2026-08-11T10:06:29,"Bollinger 20/2.0 conservadora, NoStop 10% (sizing comparavel ao MAC), bate B&H em quantos?",PETR4.SA,2018-01-01,2024-01-01,bollinger,,,20,2.0,none,,,,0.1,0.01,0.0,5.0,0.010060294610139575,0.0016989696983011893,0.038817900199829225,0.10670949006171099,0.04522381898699011,28,0.6428571428571429,0.6222569716392273,3.5929623607640897,12.357142857142858,5.186759493028285,0.3621299103020248,0.6334388651338344,0.9050112910063344,0.8592562440870619
batch_id,hypothesis,ticker,start,end,strategy,fast_window,slow_window,boll_window,boll_k,stop,stop_pct,atr_period,atr_multiplier,no_stop_distance,risk_pct,brokerage,slippage_bps,total_return,annualized_return,max_drawdown,sharpe,sortino,num_trades,win_rate,avg_payoff,expectancy,avg_holding_days,benchmark_total_return,benchmark_annualized_return,benchmark_max_drawdown,benchmark_sharpe,benchmark_sortino
2026-08-11T10:06:29,"Bollinger 20/2.0 conservadora, NoStop 10% (sizing comparavel ao MAC), bate B&H em quantos?",VALE3.SA,2018-01-01,2024-01-01,bollinger,,,20,2.0,none,,,,0.1,0.01,0.0,5.0,-0.028585934144524483,-0.004906244009241889,0.0807730952684313,-0.25887012527137715,-0.10872593270241306,27,0.5925925925925926,0.4967023090881193,-10.587383016490586,14.222222222222221,1.877218649589992,0.19628289007245425,0.4366582534137466,0.6556584440320673,0.6740196825155448
batch_id,hypothesis,ticker,start,end,strategy,fast_window,slow_window,boll_window,boll_k,stop,stop_pct,atr_period,atr_multiplier,no_stop_distance,risk_pct,brokerage,slippage_bps,total_return,annualized_return,max_drawdown,sharpe,sortino,num_trades,win_rate,avg_payoff,expectancy,avg_holding_days,benchmark_total_return,benchmark_annualized_return,benchmark_max_drawdown,benchmark_sharpe,benchmark_sortino
2026-08-11T10:06:29,"Bollinger 20/2.0 conservadora, NoStop 10% (sizing comparavel ao MAC), bate B&H em quantos?",ITUB4.SA,2018-01-01,2024-01-01,bollinger,,,20,2.0,none,,,,0.1,0.01,0.0,5.0,-0.02568889979539357,-0.004403603068366846,0.0469778061754914,-0.2867001472582773,-0.13811651533700917,28,0.5714285714285714,0.46816848662450805,-9.17460706978345,18.071428571428573,0.5745382886618016,0.08002495573158974,0.443191326822506,0.40050245242467886,0.40195475433656874
batch_id,hypothesis,ticker,start,end,strategy,fast_window,slow_window,boll_window,boll_k,stop,stop_pct,atr_period,atr_multiplier,no_stop_distance,risk_pct,brokerage,slippage_bps,total_return,annualized_return,max_drawdown,sharpe,sortino,num_trades,win_rate,avg_payoff,expectancy,avg_holding_days,benchmark_total_return,benchmark_annualized_return,benchmark_max_drawdown,benchmark_sharpe,benchmark_sortino
2026-08-11T10:06:29,"Bollinger 20/2.0 conservadora, NoStop 10% (sizing comparavel ao MAC), bate B&H em quantos?",BBDC4.SA,2018-01-01,2024-01-01,bollinger,,,20,2.0,none,,,,0.1,0.01,0.0,5.0,-0.0469560786935912,-0.008122793240757709,0.067498191514664,-0.40176048680247034,-0.18816370429112333,29,0.4827586206896552,0.5993952753387818,-16.191751273652365,16.379310344827587,0.1521755420857962,0.024312573078958843,0.527359748392895,0.2487246919646236,0.2488329249365607
batch_id,hypothesis,ticker,start,end,strategy,fast_window,slow_window,boll_window,boll_k,stop,stop_pct,atr_period,atr_multiplier,no_stop_distance,risk_pct,brokerage,slippage_bps,total_return,annualized_return,max_drawdown,sharpe,sortino,num_trades,win_rate,avg_payoff,expectancy,avg_holding_days,benchmark_total_return,benchmark_annualized_return,benchmark_max_drawdown,benchmark_sharpe,benchmark_sortino
2026-08-11T10:06:29,"Bollinger 20/2.0 conservadora, NoStop 10% (sizing comparavel ao MAC), bate B&H em quantos?",WEGE3.SA,2018-01-01,2024-01-01,bollinger,,,20,2.0,none,,,,0.1,0.01,0.0,5.0,0.025245605963993833,0.004237022415265246,0.03522978759554418,0.30496666205570994,0.13667890987282755,29,0.6896551724137931,0.6430463491965892,8.705381366894462,13.724137931034482,3.180571132035423,0.2745323360321019,0.4950572849948789,0.8468096057867919,0.8793641268892968
batch_id,hypothesis,ticker,start,end,strategy,fast_window,slow_window,boll_window,boll_k,stop,stop_pct,atr_period,atr_multiplier,no_stop_distance,risk_pct,brokerage,slippage_bps,total_return,annualized_return,max_drawdown,sharpe,sortino,num_trades,win_rate,avg_payoff,expectancy,avg_holding_days,benchmark_total_return,benchmark_annualized_return,benchmark_max_drawdown,benchmark_sharpe,benchmark_sortino
2026-08-11T10:06:29,"Bollinger 20/2.0 conservadora, NoStop 10% (sizing comparavel ao MAC), bate B&H em quantos?",ABEV3.SA,2018-01-01,2024-01-01,bollinger,,,20,2.0,none,,,,0.1,0.01,0.0,5.0,-0.0012537853523046927,-0.0002127311674198218,0.04271422993080347,-0.005097745687842271,-0.0027258871892022613,31,0.6129032258064516,0.6227590193325354,-0.40444688784020005,17.93548387096774,-0.20343767992831052,-0.037837175500592624,0.5193112847609229,0.018256736399650864,0.018440646365964153
batch_id,hypothesis,ticker,start,end,strategy,fast_window,slow_window,boll_window,boll_k,stop,stop_pct,atr_period,atr_multiplier,no_stop_distance,risk_pct,brokerage,slippage_bps,total_return,annualized_return,max_drawdown,sharpe,sortino,num_trades,win_rate,avg_payoff,expectancy,avg_holding_days,benchmark_total_return,benchmark_annualized_return,benchmark_max_drawdown,benchmark_sharpe,benchmark_sortino
2026-08-11T10:06:29,"Bollinger 20/2.0 conservadora, NoStop 10% (sizing comparavel ao MAC), bate B&H em quantos?",B3SA3.SA,2018-01-01,2024-01-01,bollinger,,,20,2.0,none,,,,0.1,0.01,0.0,5.0,0.0023949445899273947,0.0004057380651900644,0.049757284884461406,0.029167867411198395,0.013591856749415125,32,0.59375,0.6993540693349344,0.7484201843522464,12.84375,1.3589346328658616,0.15666127806758157,0.5080757696800532,0.5599165764835645,0.5759035398523576
batch_id,hypothesis,ticker,start,end,strategy,fast_window,slow_window,boll_window,boll_k,stop,stop_pct,atr_period,atr_multiplier,no_stop_distance,risk_pct,brokerage,slippage_bps,total_return,annualized_return,max_drawdown,sharpe,sortino,num_trades,win_rate,avg_payoff,expectancy,avg_holding_days,benchmark_total_return,benchmark_annualized_return,benchmark_max_drawdown,benchmark_sharpe,benchmark_sortino
2026-08-11T10:06:29,"Bollinger 20/2.0 conservadora, NoStop 10% (sizing comparavel ao MAC), bate B&H em quantos?",RENT3.SA,2018-01-01,2024-01-01,bollinger,,,20,2.0,none,,,,0.1,0.01,0.0,5.0,-0.027101680066504374,-0.004648567846713636,0.05442360569194791,-0.2620600344139876,-0.11255771102678191,30,0.5666666666666667,0.5794461086475536,-9.033893355501482,12.333333333333334,2.2054472003246204,0.21840029666648086,0.5788069263330645,0.663328619400495,0.7007426021257545
batch_id,hypothesis,ticker,start,end,strategy,fast_window,slow_window,boll_window,boll_k,stop,stop_pct,atr_period,atr_multiplier,no_stop_distance,risk_pct,brokerage,slippage_bps,total_return,annualized_return,max_drawdown,sharpe,sortino,num_trades,win_rate,avg_payoff,expectancy,avg_holding_days,benchmark_total_return,benchmark_annualized_return,benchmark_max_drawdown,benchmark_sharpe,benchmark_sortino
2026-08-11T10:06:29,"Bollinger 20/2.0 conservadora, NoStop 10% (sizing comparavel ao MAC), bate B&H em quantos?",SUZB3.SA,2018-01-01,2024-01-01,bollinger,,,20,2.0,none,,,,0.1,0.01,0.0,5.0,0.019081924556913377,0.003210621709282213,0.022811279903438137,0.20760195376068727,0.10785244468906335,27,0.6296296296296297,0.7595850713521707,7.067379465523344,17.25925925925926,2.262852156349781,0.2220733412858089,0.5425051041168212,0.6954334837641568,0.7500215230622479
batch_id,hypothesis,ticker,start,end,strategy,fast_window,slow_window,boll_window,boll_k,stop,stop_pct,atr_period,atr_multiplier,no_stop_distance,risk_pct,brokerage,slippage_bps,total_return,annualized_return,max_drawdown,sharpe,sortino,num_trades,win_rate,avg_payoff,expectancy,avg_holding_days,benchmark_total_return,benchmark_annualized_return,benchmark_max_drawdown,benchmark_sharpe,benchmark_sortino
2026-08-11T10:06:29,"Bollinger 20/2.0 conservadora, NoStop 10% (sizing comparavel ao MAC), bate B&H em quantos?",RADL3.SA,2018-01-01,2024-01-01,bollinger,,,20,2.0,none,,,,0.1,0.01,0.0,5.0,-0.0027550127953233083,-0.0004677380438683487,0.034191011110614164,-0.026774238290074345,-0.011485275740198007,23,0.6086956521739131,0.6155026051467986,-1.1978316501405277,14.869565217391305,0.784644202940785,0.10321161475123675,0.3737821187060269,0.46764473070304796,0.47814331790318465
batch_id,hypothesis,ticker,start,end,strategy,fast_window,slow_window,boll_window,boll_k,stop,stop_pct,atr_period,atr_multiplier,no_stop_distance,risk_pct,brokerage,slippage_bps,total_return,annualized_return,max_drawdown,sharpe,sortino,num_trades,win_rate,avg_payoff,expectancy,avg_holding_days,benchmark_total_return,benchmark_annualized_return,benchmark_max_drawdown,benchmark_sharpe,benchmark_sortino
2026-08-11T10:22:59,Bollinger 20/2.0 em periodo lateral (2015-2016). Regime teoricamente favoravel a reversao. Bate B&H em quantos?,PETR4.SA,2015-01-01,2017-01-01,bollinger,,,20,2.0,none,,,,0.1,0.01,0.0,5.0,-0.013305610145428748,-0.0068097454741690155,0.042314703431173356,-0.254943007620426,-0.12245355847830011,12,0.4166666666666667,1.0835378147274444,-13.315506342852261,8.583333333333334,0.5886392391470301,0.2663312127077986,0.7089120350496063,0.6880096968195958,0.7304127303851359
batch_id,hypothesis,ticker,start,end,strategy,fast_window,slow_window,boll_window,boll_k,stop,stop_pct,atr_period,atr_multiplier,no_stop_distance,risk_pct,brokerage,slippage_bps,total_return,annualized_return,max_drawdown,sharpe,sortino,num_trades,win_rate,avg_payoff,expectancy,avg_holding_days,benchmark_total_return,benchmark_annualized_return,benchmark_max_drawdown,benchmark_sharpe,benchmark_sortino
2026-08-11T10:22:59,Bollinger 20/2.0 em periodo lateral (2015-2016). Regime teoricamente favoravel a reversao. Bate B&H em quantos?,VALE3.SA,2015-01-01,2017-01-01,bollinger,,,20,2.0,none,,,,0.1,0.01,0.0,5.0,0.030705926504718706,0.015547706422802232,0.020170578251219352,0.7039885596760478,0.34622444182793094,10,0.7,0.87877776161455,32.906638937286765,10.6,0.27914450527726875,0.13381444867348624,0.6755127634020925,0.5120708468316524,0.542164125503407
batch_id,hypothesis,ticker,start,end,strategy,fast_window,slow_window,boll_window,boll_k,stop,stop_pct,atr_period,atr_multiplier,no_stop_distance,risk_pct,brokerage,slippage_bps,total_return,annualized_return,max_drawdown,sharpe,sortino,num_trades,win_rate,avg_payoff,expectancy,avg_holding_days,benchmark_total_return,benchmark_annualized_return,benchmark_max_drawdown,benchmark_sharpe,benchmark_sortino
2026-08-11T10:22:59,Bollinger 20/2.0 em periodo lateral (2015-2016). Regime teoricamente favoravel a reversao. Bate B&H em quantos?,ITUB4.SA,2015-01-01,2017-01-01,bollinger,,,20,2.0,none,,,,0.1,0.01,0.0,5.0,-0.017031188672304576,-0.008724527439793683,0.03210808198944284,-0.618839365396618,-0.30398577338474775,8,0.5,0.4845866628070136,-21.288985840380278,18.0,0.3491324835095577,0.16504752506043396,0.33546917238705753,0.6160868089121452,0.6512674675907394
batch_id,hypothesis,ticker,start,end,strategy,fast_window,slow_window,boll_window,boll_k,stop,stop_pct,atr_period,atr_multiplier,no_stop_distance,risk_pct,brokerage,slippage_bps,total_return,annualized_return,max_drawdown,sharpe,sortino,num_trades,win_rate,avg_payoff,expectancy,avg_holding_days,benchmark_total_return,benchmark_annualized_return,benchmark_max_drawdown,benchmark_sharpe,benchmark_sortino
2026-08-11T10:22:59,Bollinger 20/2.0 em periodo lateral (2015-2016). Regime teoricamente favoravel a reversao. Bate B&H em quantos?,BBDC4.SA,2015-01-01,2017-01-01,bollinger,,,20,2.0,none,,,,0.1,0.01,0.0,5.0,0.003660983067073742,0.0018658743927628674,0.02105336951437397,0.12450608339024603,0.061257564770833585,8,0.5,1.1964605138174147,4.57622883384181,19.25,0.24466370846284824,0.1181191312330121,0.44690180737220186,0.4797265665553855,0.4931540343353633
batch_id,hypothesis,ticker,start,end,strategy,fast_window,slow_window,boll_window,boll_k,stop,stop_pct,atr_period,atr_multiplier,no_stop_distance,risk_pct,brokerage,slippage_bps,total_return,annualized_return,max_drawdown,sharpe,sortino,num_trades,win_rate,avg_payoff,expectancy,avg_holding_days,benchmark_total_return,benchmark_annualized_return,benchmark_max_drawdown,benchmark_sharpe,benchmark_sortino
2026-08-11T10:22:59,Bollinger 20/2.0 em periodo lateral (2015-2016). Regime teoricamente favoravel a reversao. Bate B&H em quantos?,WEGE3.SA,2015-01-01,2017-01-01,bollinger,,,20,2.0,none,,,,0.1,0.01,0.0,5.0,0.0011019657606829991,0.000561984734055665,0.015912216231423703,0.041658035398237085,0.023861991505914587,11,0.5454545454545454,0.874071250576266,1.0017870551660584,18.727272727272727,0.056530525248882135,0.028448965683878003,0.3463621514286085,0.24422441987976723,0.24316269549601421
batch_id,hypothesis,ticker,start,end,strategy,fast_window,slow_window,boll_window,boll_k,stop,stop_pct,atr_period,atr_multiplier,no_stop_distance,risk_pct,brokerage,slippage_bps,total_return,annualized_return,max_drawdown,sharpe,sortino,num_trades,win_rate,avg_payoff,expectancy,avg_holding_days,benchmark_total_return,benchmark_annualized_return,benchmark_max_drawdown,benchmark_sharpe,benchmark_sortino
2026-08-11T10:22:59,Bollinger 20/2.0 em periodo lateral (2015-2016). Regime teoricamente favoravel a reversao. Bate B&H em quantos?,ABEV3.SA,2015-01-01,2017-01-01,bollinger,,,20,2.0,none,,,,0.1,0.01,0.0,5.0,0.009114907578369857,0.004639375728314077,0.013757849800075076,0.4212088554865231,0.22173692507160606,11,0.7272727272727273,0.6588543383777306,8.286279616699575,13.636363636363637,0.15641635945198784,0.07695094429655525,0.19525372092169113,0.44576919477553284,0.4399732035239829
batch_id,hypothesis,ticker,start,end,strategy,fast_window,slow_window,boll_window,boll_k,stop,stop_pct,atr_period,atr_multiplier,no_stop_distance,risk_pct,brokerage,slippage_bps,total_return,annualized_return,max_drawdown,sharpe,sortino,num_trades,win_rate,avg_payoff,expectancy,avg_holding_days,benchmark_total_return,benchmark_annualized_return,benchmark_max_drawdown,benchmark_sharpe,benchmark_sortino
2026-08-11T10:22:59,Bollinger 20/2.0 em periodo lateral (2015-2016). Regime teoricamente favoravel a reversao. Bate B&H em quantos?,B3SA3.SA,2015-01-01,2017-01-01,bollinger,,,20,2.0,none,,,,0.1,0.01,0.0,5.0,-0.0032590869815601886,-0.0016638595154953029,0.016698604113499493,-0.11268527110507746,-0.05634972391322816,6,0.3333333333333333,1.2817123516548052,-5.4318116359332445,26.666666666666668,0.9146271726804176,0.392827113902233,0.25490103311698054,1.0997573648392813,1.2306256517455028
batch_id,hypothesis,ticker,start,end,strategy,fast_window,slow_window,boll_window,boll_k,stop,stop_pct,atr_period,atr_multiplier,no_stop_distance,risk_pct,brokerage,slippage_bps,total_return,annualized_return,max_drawdown,sharpe,sortino,num_trades,win_rate,avg_payoff,expectancy,avg_holding_days,benchmark_total_return,benchmark_annualized_return,benchmark_max_drawdown,benchmark_sharpe,benchmark_sortino
2026-08-11T10:22:59,Bollinger 20/2.0 em periodo lateral (2015-2016). Regime teoricamente favoravel a reversao. Bate B&H em quantos?,RADL3.SA,2015-01-01,2017-01-01,bollinger,,,20,2.0,none,,,,0.1,0.01,0.0,5.0,-0.010330737578518545,-0.005283334820068708,0.02079087379675879,-0.39041164099506637,-0.1822563096579863,5,0.6,0.3273630117083151,-20.661475157037238,21.6,1.5126591659181647,0.599988002131034,0.2037920211435157,1.683379965264858,1.8264312389894932
batch_id,hypothesis,ticker,start,end,strategy,fast_window,slow_window,boll_window,boll_k,mom_lookback,mom_skip,stop,stop_pct,atr_period,atr_multiplier,no_stop_distance,risk_pct,brokerage,slippage_bps,total_return,annualized_return,max_drawdown,sharpe,sortino,num_trades,win_rate,avg_payoff,expectancy,avg_holding_days,benchmark_total_return,benchmark_annualized_return,benchmark_max_drawdown,benchmark_sharpe,benchmark_sortino
2026-08-11T10:52:43,"Momentum time-series 12-1 (lookback 252, skip 21), sem stop. Tese: ativos em regime de alta de medio prazo continuam. Bate B&H em quantos?",PETR4.SA,2017-01-01,2024-01-01,momentum,,,,,252,21,none,,,,0.1,0.01,0.0,5.0,0.3234048683898292,0.041416523441530684,0.1014590942594103,0.8597932653420292,0.5934777048365161,6,0.5,0.7325817151658376,-10.346943184778594,41.833333333333336,5.986518257650375,0.3251720079196545,0.6335555171886345,0.8573370242421543,0.8054380794344883
batch_id,hypothesis,ticker,start,end,strategy,fast_window,slow_window,boll_window,boll_k,mom_lookback,mom_skip,stop,stop_pct,atr_period,atr_multiplier,no_stop_distance,risk_pct,brokerage,slippage_bps,total_return,annualized_return,max_drawdown,sharpe,sortino,num_trades,win_rate,avg_payoff,expectancy,avg_holding_days,benchmark_total_return,benchmark_annualized_return,benchmark_max_drawdown,benchmark_sharpe,benchmark_sortino
2026-08-11T10:52:43,"Momentum time-series 12-1 (lookback 252, skip 21), sem stop. Tese: ativos em regime de alta de medio prazo continuam. Bate B&H em quantos?",VALE3.SA,2017-01-01,2024-01-01,momentum,,,,,252,21,none,,,,0.1,0.01,0.0,5.0,0.0802973480331084,0.011248747262593506,0.08361265953135608,0.41048502264852715,0.2800599971819838,39,0.5641025641025641,1.6202734079597074,20.5890635982327,26.46153846153846,4.007104862975593,0.2627560303979881,0.4371466165449406,0.7949034647277236,0.8157965000970765
batch_id,hypothesis,ticker,start,end,strategy,fast_window,slow_window,boll_window,boll_k,mom_lookback,mom_skip,stop,stop_pct,atr_period,atr_multiplier,no_stop_distance,risk_pct,brokerage,slippage_bps,total_return,annualized_return,max_drawdown,sharpe,sortino,num_trades,win_rate,avg_payoff,expectancy,avg_holding_days,benchmark_total_return,benchmark_annualized_return,benchmark_max_drawdown,benchmark_sharpe,benchmark_sortino
2026-08-11T10:52:43,"Momentum time-series 12-1 (lookback 252, skip 21), sem stop. Tese: ativos em regime de alta de medio prazo continuam. Bate B&H em quantos?",ITUB4.SA,2017-01-01,2024-01-01,momentum,,,,,252,21,none,,,,0.1,0.01,0.0,5.0,-0.024264576397175053,-0.0035511970871914267,0.06655065582597433,-0.1780555297612619,-0.10936261555353206,27,0.4074074074074074,0.5639826725776192,-14.662486306900625,36.666666666666664,1.1388807498177145,0.1164007618602001,0.44335496628863497,0.5089067700654234,0.5058309863096198
batch_id,hypothesis,ticker,start,end,strategy,fast_window,slow_window,boll_window,boll_k,mom_lookback,mom_skip,stop,stop_pct,atr_period,atr_multiplier,no_stop_distance,risk_pct,brokerage,slippage_bps,total_return,annualized_return,max_drawdown,sharpe,sortino,num_trades,win_rate,avg_payoff,expectancy,avg_holding_days,benchmark_total_return,benchmark_annualized_return,benchmark_max_drawdown,benchmark_sharpe,benchmark_sortino
2026-08-11T10:52:43,"Momentum time-series 12-1 (lookback 252, skip 21), sem stop. Tese: ativos em regime de alta de medio prazo continuam. Bate B&H em quantos?",BBDC4.SA,2017-01-01,2024-01-01,momentum,,,,,252,21,none,,,,0.1,0.01,0.0,5.0,-0.008441605122653573,-0.0012270133794149984,0.0471265266781528,-0.06117809455878412,-0.035275717718336985,15,0.3333333333333333,1.3056373321746775,-11.213995004569624,53.53333333333333,0.5823320948224255,0.06871965270698666,0.5275335528029106,0.36572501947431957,0.36291483765545984
batch_id,hypothesis,ticker,start,end,strategy,fast_window,slow_window,boll_window,boll_k,mom_lookback,mom_skip,stop,stop_pct,atr_period,atr_multiplier,no_stop_distance,risk_pct,brokerage,slippage_bps,total_return,annualized_return,max_drawdown,sharpe,sortino,num_trades,win_rate,avg_payoff,expectancy,avg_holding_days,benchmark_total_return,benchmark_annualized_return,benchmark_max_drawdown,benchmark_sharpe,benchmark_sortino
2026-08-11T10:52:43,"Momentum time-series 12-1 (lookback 252, skip 21), sem stop. Tese: ativos em regime de alta de medio prazo continuam. Bate B&H em quantos?",WEGE3.SA,2017-01-01,2024-01-01,momentum,,,,,252,21,none,,,,0.1,0.01,0.0,5.0,0.248610961805237,0.03267891650345223,0.11207540643437752,0.5649153461694048,0.4311479156884285,18,0.5,4.854720038841314,138.11720100290955,77.66666666666667,6.06172179723851,0.3272284231230054,0.49509865316032736,0.9807790395860202,1.018802231598065
batch_id,hypothesis,ticker,start,end,strategy,fast_window,slow_window,boll_window,boll_k,mom_lookback,mom_skip,stop,stop_pct,atr_period,atr_multiplier,no_stop_distance,risk_pct,brokerage,slippage_bps,total_return,annualized_return,max_drawdown,sharpe,sortino,num_trades,win_rate,avg_payoff,expectancy,avg_holding_days,benchmark_total_return,benchmark_annualized_return,benchmark_max_drawdown,benchmark_sharpe,benchmark_sortino
2026-08-11T10:52:43,"Momentum time-series 12-1 (lookback 252, skip 21), sem stop. Tese: ativos em regime de alta de medio prazo continuam. Bate B&H em quantos?",ABEV3.SA,2017-01-01,2024-01-01,momentum,,,,,252,21,none,,,,0.1,0.01,0.0,5.0,-0.027999273781424416,-0.004104472670232395,0.054459663113181234,-0.24533759306965067,-0.1457288443628525,35,0.34285714285714286,1.1843590665634964,-7.99979250897851,23.514285714285716,0.08873303086496054,0.012388578948264728,0.5195787363546434,0.18490264879249668,0.18508474132236705
batch_id,hypothesis,ticker,start,end,strategy,fast_window,slow_window,boll_window,boll_k,mom_lookback,mom_skip,stop,stop_pct,atr_period,atr_multiplier,no_stop_distance,risk_pct,brokerage,slippage_bps,total_return,annualized_return,max_drawdown,sharpe,sortino,num_trades,win_rate,avg_payoff,expectancy,avg_holding_days,benchmark_total_return,benchmark_annualized_return,benchmark_max_drawdown,benchmark_sharpe,benchmark_sortino
2026-08-11T10:52:43,"Momentum time-series 12-1 (lookback 252, skip 21), sem stop. Tese: ativos em regime de alta de medio prazo continuam. Bate B&H em quantos?",B3SA3.SA,2017-01-01,2024-01-01,momentum,,,,,252,21,none,,,,0.1,0.01,0.0,5.0,0.07954387276265762,0.011146567582691835,0.07780489629362759,0.27758192167497503,0.18841592161808982,13,0.38461538461538464,4.502092344373212,53.496952481489515,87.76923076923077,2.38944618179626,0.19337590838923502,0.5081174199798076,0.6478862230833458,0.6613956442497768
batch_id,hypothesis,ticker,start,end,strategy,fast_window,slow_window,boll_window,boll_k,mom_lookback,mom_skip,stop,stop_pct,atr_period,atr_multiplier,no_stop_distance,risk_pct,brokerage,slippage_bps,total_return,annualized_return,max_drawdown,sharpe,sortino,num_trades,win_rate,avg_payoff,expectancy,avg_holding_days,benchmark_total_return,benchmark_annualized_return,benchmark_max_drawdown,benchmark_sharpe,benchmark_sortino
2026-08-11T10:52:43,"Momentum time-series 12-1 (lookback 252, skip 21), sem stop. Tese: ativos em regime de alta de medio prazo continuam. Bate B&H em quantos?",RENT3.SA,2017-01-01,2024-01-01,momentum,,,,,252,21,none,,,,0.1,0.01,0.0,5.0,0.010084070328338468,0.0014541933641782911,0.06621293780636006,0.07213630622189068,0.04237570583673055,26,0.6153846153846154,0.6979875974197668,2.352667568321858,29.884615384615383,5.6759829190283355,0.3164747951544018,0.5790235074596777,0.8535623370177138,0.8986017012058428
batch_id,hypothesis,ticker,start,end,strategy,fast_window,slow_window,boll_window,boll_k,mom_lookback,mom_skip,stop,stop_pct,atr_period,atr_multiplier,no_stop_distance,risk_pct,brokerage,slippage_bps,total_return,annualized_return,max_drawdown,sharpe,sortino,num_trades,win_rate,avg_payoff,expectancy,avg_holding_days,benchmark_total_return,benchmark_annualized_return,benchmark_max_drawdown,benchmark_sharpe,benchmark_sortino
2026-08-11T10:52:43,"Momentum time-series 12-1 (lookback 252, skip 21), sem stop. Tese: ativos em regime de alta de medio prazo continuam. Bate B&H em quantos?",SUZB3.SA,2017-01-01,2024-01-01,momentum,,,,,252,21,none,,,,0.1,0.01,0.0,5.0,0.123459106613242,0.017002656229293978,0.0787037383859543,0.4320684267463879,0.3192691430472954,25,0.52,7.032080041858066,46.95704502937504,47.2,2.0943322659129233,0.1777351220726815,0.542420194510619,0.6204536009083492,0.6250805214059079
batch_id,hypothesis,ticker,start,end,strategy,fast_window,slow_window,boll_window,boll_k,mom_lookback,mom_skip,stop,stop_pct,atr_period,atr_multiplier,no_stop_distance,risk_pct,brokerage,slippage_bps,total_return,annualized_return,max_drawdown,sharpe,sortino,num_trades,win_rate,avg_payoff,expectancy,avg_holding_days,benchmark_total_return,benchmark_annualized_return,benchmark_max_drawdown,benchmark_sharpe,benchmark_sortino
2026-08-11T10:52:43,"Momentum time-series 12-1 (lookback 252, skip 21), sem stop. Tese: ativos em regime de alta de medio prazo continuam. Bate B&H em quantos?",RADL3.SA,2017-01-01,2024-01-01,momentum,,,,,252,21,none,,,,0.1,0.01,0.0,5.0,0.057848051542078505,0.008177883871958835,0.03772012945861549,0.3267502546837914,0.21837339895895863,27,0.4444444444444444,2.100893473516238,12.539977600782608,31.703703703703702,1.684962736066208,0.15377757371583423,0.3830511352976947,0.6185388194564391,0.6299644512093073
batch_id,hypothesis,ticker,start,end,strategy,fast_window,slow_window,boll_window,boll_k,mom_lookback,mom_skip,mom_threshold,mom_monthly,stop,stop_pct,atr_period,atr_multiplier,no_stop_distance,risk_pct,brokerage,slippage_bps,total_return,annualized_return,max_drawdown,sharpe,sortino,num_trades,win_rate,avg_payoff,expectancy,avg_holding_days,benchmark_total_return,benchmark_annualized_return,benchmark_max_drawdown,benchmark_sharpe,benchmark_sortino
2026-08-11T11:30:06,Momentum 12-1 com banda morta 2%% e rebalance mensal. Reduzir whipsaw resolve o placar? Bate B&H em quantos?,PETR4.SA,2017-01-01,2024-01-01,momentum,,,,,252,21,0.02,True,none,,,,0.1,0.01,0.0,5.0,0.2920909690361575,0.037811095976681086,0.09435880053342785,0.8888611254013604,0.5436220713562153,0,,,,,5.9865170005181945,0.32517197338590575,0.6335554377131757,0.8573369155860203,0.8054380410194248
batch_id,hypothesis,ticker,start,end,strategy,fast_window,slow_window,boll_window,boll_k,mom_lookback,mom_skip,mom_threshold,mom_monthly,stop,stop_pct,atr_period,atr_multiplier,no_stop_distance,risk_pct,brokerage,slippage_bps,total_return,annualized_return,max_drawdown,sharpe,sortino,num_trades,win_rate,avg_payoff,expectancy,avg_holding_days,benchmark_total_return,benchmark_annualized_return,benchmark_max_drawdown,benchmark_sharpe,benchmark_sortino
2026-08-11T11:30:06,Momentum 12-1 com banda morta 2%% e rebalance mensal. Reduzir whipsaw resolve o placar? Bate B&H em quantos?,VALE3.SA,2017-01-01,2024-01-01,momentum,,,,,252,21,0.02,True,none,,,,0.1,0.01,0.0,5.0,0.08625372596548742,0.012054360561411404,0.0860678549924047,0.4247350897052882,0.2860753449513497,8,0.625,2.562354120342021,107.81715745685919,128.75,4.0071053225434365,0.2627560471834647,0.4371466485030675,0.7949035071225945,0.8157965541920602
batch_id,hypothesis,ticker,start,end,strategy,fast_window,slow_window,boll_window,boll_k,mom_lookback,mom_skip,mom_threshold,mom_monthly,stop,stop_pct,atr_period,atr_multiplier,no_stop_distance,risk_pct,brokerage,slippage_bps,total_return,annualized_return,max_drawdown,sharpe,sortino,num_trades,win_rate,avg_payoff,expectancy,avg_holding_days,benchmark_total_return,benchmark_annualized_return,benchmark_max_drawdown,benchmark_sharpe,benchmark_sortino
2026-08-11T11:30:06,Momentum 12-1 com banda morta 2%% e rebalance mensal. Reduzir whipsaw resolve o placar? Bate B&H em quantos?,ITUB4.SA,2017-01-01,2024-01-01,momentum,,,,,252,21,0.02,True,none,,,,0.1,0.01,0.0,5.0,0.011149548821442368,0.001607116695037547,0.03352964764403111,0.13231155074956547,0.04889831516153985,4,0.5,1.0996876251093182,5.04004128625682,100.75,1.1388803269650345,0.11640072989525452,0.4433549384850503,0.5089067288203494,0.5058307411434839
batch_id,hypothesis,ticker,start,end,strategy,fast_window,slow_window,boll_window,boll_k,mom_lookback,mom_skip,mom_threshold,mom_monthly,stop,stop_pct,atr_period,atr_multiplier,no_stop_distance,risk_pct,brokerage,slippage_bps,total_return,annualized_return,max_drawdown,sharpe,sortino,num_trades,win_rate,avg_payoff,expectancy,avg_holding_days,benchmark_total_return,benchmark_annualized_return,benchmark_max_drawdown,benchmark_sharpe,benchmark_sortino
2026-08-11T11:30:06,Momentum 12-1 com banda morta 2%% e rebalance mensal. Reduzir whipsaw resolve o placar? Bate B&H em quantos?,BBDC4.SA,2017-01-01,2024-01-01,momentum,,,,,252,21,0.02,True,none,,,,0.1,0.01,0.0,5.0,-0.014506863385839841,-0.002114144472387336,0.044817928439905515,-0.12982948872510594,-0.06953534537342893,6,0.5,0.5468823732169743,-24.178105643066445,119.5,0.582332424144713,0.06871968492053293,0.5275334172868744,0.36572512285624953,0.36291486262259726
batch_id,hypothesis,ticker,start,end,strategy,fast_window,slow_window,boll_window,boll_k,mom_lookback,mom_skip,mom_threshold,mom_monthly,stop,stop_pct,atr_period,atr_multiplier,no_stop_distance,risk_pct,brokerage,slippage_bps,total_return,annualized_return,max_drawdown,sharpe,sortino,num_trades,win_rate,avg_payoff,expectancy,avg_holding_days,benchmark_total_return,benchmark_annualized_return,benchmark_max_drawdown,benchmark_sharpe,benchmark_sortino
2026-08-11T11:30:06,Momentum 12-1 com banda morta 2%% e rebalance mensal. Reduzir whipsaw resolve o placar? Bate B&H em quantos?,WEGE3.SA,2017-01-01,2024-01-01,momentum,,,,,252,21,0.02,True,none,,,,0.1,0.01,0.0,5.0,0.2909817831700068,0.03768202152022382,0.11407054373460478,0.613441598182618,0.4503031364187673,2,0.5,23.10728522073278,1454.9089158500335,647.0,6.061722394434233,0.32722843937860646,0.49509847577205807,0.9807791009375928,1.0188019532885813
batch_id,hypothesis,ticker,start,end,strategy,fast_window,slow_window,boll_window,boll_k,mom_lookback,mom_skip,mom_threshold,mom_monthly,stop,stop_pct,atr_period,atr_multiplier,no_stop_distance,risk_pct,brokerage,slippage_bps,total_return,annualized_return,max_drawdown,sharpe,sortino,num_trades,win_rate,avg_payoff,expectancy,avg_holding_days,benchmark_total_return,benchmark_annualized_return,benchmark_max_drawdown,benchmark_sharpe,benchmark_sortino
2026-08-11T11:30:06,Momentum 12-1 com banda morta 2%% e rebalance mensal. Reduzir whipsaw resolve o placar? Bate B&H em quantos?,ABEV3.SA,2017-01-01,2024-01-01,momentum,,,,,252,21,0.02,True,none,,,,0.1,0.01,0.0,5.0,-0.0488271479068666,-0.007223775087829565,0.06740289921213993,-0.49031662100615425,-0.26419862624842066,7,0.14285714285714285,0.06891459640671088,-69.7530684383811,109.42857142857143,0.08873303085618955,0.01238857894708345,0.5195788214220588,0.1849026465864228,0.18508473229907627
batch_id,hypothesis,ticker,start,end,strategy,fast_window,slow_window,boll_window,boll_k,mom_lookback,mom_skip,mom_threshold,mom_monthly,stop,stop_pct,atr_period,atr_multiplier,no_stop_distance,risk_pct,brokerage,slippage_bps,total_return,annualized_return,max_drawdown,sharpe,sortino,num_trades,win_rate,avg_payoff,expectancy,avg_holding_days,benchmark_total_return,benchmark_annualized_return,benchmark_max_drawdown,benchmark_sharpe,benchmark_sortino
2026-08-11T11:30:06,Momentum 12-1 com banda morta 2%% e rebalance mensal. Reduzir whipsaw resolve o placar? Bate B&H em quantos?,B3SA3.SA,2017-01-01,2024-01-01,momentum,,,,,252,21,0.02,True,none,,,,0.1,0.01,0.0,5.0,0.08309704101668913,0.011627883797949101,0.07833680841836078,0.2900290453458274,0.18807340770790662,4,0.5,4.740493974199641,207.74260254172358,270.25,2.3894461204304043,0.1933759052600834,0.5081173747163497,0.6478861933795894,0.6613957681641245
batch_id,hypothesis,ticker,start,end,strategy,fast_window,slow_window,boll_window,boll_k,mom_lookback,mom_skip,mom_threshold,mom_monthly,stop,stop_pct,atr_period,atr_multiplier,no_stop_distance,risk_pct,brokerage,slippage_bps,total_return,annualized_return,max_drawdown,sharpe,sortino,num_trades,win_rate,avg_payoff,expectancy,avg_holding_days,benchmark_total_return,benchmark_annualized_return,benchmark_max_drawdown,benchmark_sharpe,benchmark_sortino
2026-08-11T11:30:06,Momentum 12-1 com banda morta 2%% e rebalance mensal. Reduzir whipsaw resolve o placar? Bate B&H em quantos?,RENT3.SA,2017-01-01,2024-01-01,momentum,,,,,252,21,0.02,True,none,,,,0.1,0.01,0.0,5.0,-0.020347827600516566,-0.00297289372725007,0.06350355506269642,-0.13105463591433797,-0.06669743070537368,4,0.25,1.0028349696827155,-50.86956900129181,161.0,5.6759824702862325,0.3164747823386096,0.5790236398153327,0.8535625041992875,0.8986017837955677
batch_id,hypothesis,ticker,start,end,strategy,fast_window,slow_window,boll_window,boll_k,mom_lookback,mom_skip,mom_threshold,mom_monthly,stop,stop_pct,atr_period,atr_multiplier,no_stop_distance,risk_pct,brokerage,slippage_bps,total_return,annualized_return,max_drawdown,sharpe,sortino,num_trades,win_rate,avg_payoff,expectancy,avg_holding_days,benchmark_total_return,benchmark_annualized_return,benchmark_max_drawdown,benchmark_sharpe,benchmark_sortino
2026-08-11T11:30:06,Momentum 12-1 com banda morta 2%% e rebalance mensal. Reduzir whipsaw resolve o placar? Bate B&H em quantos?,SUZB3.SA,2017-01-01,2024-01-01,momentum,,,,,252,21,0.02,True,none,,,,0.1,0.01,0.0,5.0,0.10348143363777096,0.01436336593360088,0.09942583468246075,0.3533033539650357,0.2534897240011273,5,0.8,21.013035143149917,206.9628672755411,231.8,2.0943321542834457,0.1777351159193421,0.5424202571004424,0.6204536005649903,0.6250804885635323
batch_id,hypothesis,ticker,start,end,strategy,fast_window,slow_window,boll_window,boll_k,mom_lookback,mom_skip,mom_threshold,mom_monthly,stop,stop_pct,atr_period,atr_multiplier,no_stop_distance,risk_pct,brokerage,slippage_bps,total_return,annualized_return,max_drawdown,sharpe,sortino,num_trades,win_rate,avg_payoff,expectancy,avg_holding_days,benchmark_total_return,benchmark_annualized_return,benchmark_max_drawdown,benchmark_sharpe,benchmark_sortino
2026-08-11T11:30:06,Momentum 12-1 com banda morta 2%% e rebalance mensal. Reduzir whipsaw resolve o placar? Bate B&H em quantos?,RADL3.SA,2017-01-01,2024-01-01,momentum,,,,,252,21,0.02,True,none,,,,0.1,0.01,0.0,5.0,0.044429859090004076,0.006315681650259863,0.036619509132346746,0.24750202640979932,0.16445180667822418,5,0.6,2.2010882000038214,58.195943764951764,190.0,1.684962736066208,0.15377757371583423,0.383051239050842,0.618538703939663,0.6299645635292617
